{
  "model_name": "spacy_ner_ner_model_20260106_101616_v1",
  "experiment_name": "ner_model_20260106_101616",
  "version": "v1",
  "created_at": "2026-01-06T10:23:54.359446",
  "test_metrics": {
    "precision": 0.8445925477128143,
    "recall": 0.8622235967218185,
    "f1": 0.8533170097176525,
    "per_type": {
      "DEPARTURE": {
        "p": 0.8441516709511568,
        "r": 0.8425272610647851,
        "f": 0.843338683788122
      },
      "ARRIVAL": {
        "p": 0.8449856733524356,
        "r": 0.8805613616004777,
        "f": 0.8624067846176342
      }
    }
  },
  "config": {
    "n_iter": 20,
    "dropout": 0.1,
    "batch_size": 16,
    "learning_rate": 0.001,
    "n_train": 14306,
    "n_val": 1589,
    "n_test": 3973,
    "labels": [
      "DEPARTURE",
      "ARRIVAL"
    ]
  }
}